{
    "temperature": 24.787931370170053,
    "ph": 7.087981332919619,
    "humidity": 80.04126466964607
}