"""temperature""","""ph""","""humidity"""
16.86773197038903,-3.3022893810937575,90.79951930496806
38.885841239492485,15.566984026740316,90.68213865495704
