"""temperature""","""ph""","""humidity"""
16.86773197038903,-3.3022893810937575,90.79951930496806
38.885841239492485,15.566984026740316,90.68213865495704
24.414453550743524,8.22233138596444,79.66885602366315
24.727331813253045,7.055301841565776,80.51655705696777
23.79677792933306,7.5390717805944,80.44654928699639
