"""temperature""","""ph""","""humidity"""
16.86773197038903,-3.3022893810937575,90.79951930496806
